{
  "Profiles": [
    {
      "Name": "Catppuccin Mocha",
      "Guid": "catppuccin-mocha",
      "Dynamic Profile Parent Name": "Default",
      "Ansi 0 Color": {
        "Red Component": 0.28627450980392155,
        "Color Space": "sRGB",
        "Blue Component": 0.28627450980392155,
        "Alpha Component": 1,
        "Green Component": 0.28627450980392155
      },
      "Ansi 1 Color": {
        "Red Component": 0.9529411764705882,
        "Color Space": "sRGB",
        "Blue Component": 0.6588235294117647,
        "Alpha Component": 1,
        "Green Component": 0.5450980392156862
      },
      "Ansi 2 Color": {
        "Red Component": 0.6509803921568628,
        "Color Space": "sRGB",
        "Blue Component": 0.6313725490196078,
        "Alpha Component": 1,
        "Green Component": 0.8901960784313725
      },
      "Ansi 3 Color": {
        "Red Component": 0.9764705882352941,
        "Color Space": "sRGB",
        "Blue Component": 0.6862745098039216,
        "Alpha Component": 1,
        "Green Component": 0.8862745098039215
      },
      "Ansi 4 Color": {
        "Red Component": 0.5372549019607843,
        "Color Space": "sRGB",
        "Blue Component": 0.9803921568627451,
        "Alpha Component": 1,
        "Green Component": 0.7058823529411765
      },
      "Ansi 5 Color": {
        "Red Component": 0.796078431372549,
        "Color Space": "sRGB",
        "Blue Component": 0.9686274509803922,
        "Alpha Component": 1,
        "Green Component": 0.6509803921568628
      },
      "Ansi 6 Color": {
        "Red Component": 0.5803921568627451,
        "Color Space": "sRGB",
        "Blue Component": 0.8352941176470589,
        "Alpha Component": 1,
        "Green Component": 0.8862745098039215
      },
      "Ansi 7 Color": {
        "Red Component": 0.7058823529411765,
        "Color Space": "sRGB",
        "Blue Component": 0.7843137254901961,
        "Alpha Component": 1,
        "Green Component": 0.6784313725490196
      },
      "Ansi 8 Color": {
        "Red Component": 0.34509803921568627,
        "Color Space": "sRGB",
        "Blue Component": 0.4392156862745098,
        "Alpha Component": 1,
        "Green Component": 0.3607843137254902
      },
      "Ansi 9 Color": {
        "Red Component": 0.9529411764705882,
        "Color Space": "sRGB",
        "Blue Component": 0.6588235294117647,
        "Alpha Component": 1,
        "Green Component": 0.5450980392156862
      },
      "Ansi 10 Color": {
        "Red Component": 0.6509803921568628,
        "Color Space": "sRGB",
        "Blue Component": 0.6313725490196078,
        "Alpha Component": 1,
        "Green Component": 0.8901960784313725
      },
      "Ansi 11 Color": {
        "Red Component": 0.9764705882352941,
        "Color Space": "sRGB",
        "Blue Component": 0.6862745098039216,
        "Alpha Component": 1,
        "Green Component": 0.8862745098039215
      },
      "Ansi 12 Color": {
        "Red Component": 0.5372549019607843,
        "Color Space": "sRGB",
        "Blue Component": 0.9803921568627451,
        "Alpha Component": 1,
        "Green Component": 0.7058823529411765
      },
      "Ansi 13 Color": {
        "Red Component": 0.796078431372549,
        "Color Space": "sRGB",
        "Blue Component": 0.9686274509803922,
        "Alpha Component": 1,
        "Green Component": 0.6509803921568628
      },
      "Ansi 14 Color": {
        "Red Component": 0.5803921568627451,
        "Color Space": "sRGB",
        "Blue Component": 0.8352941176470589,
        "Alpha Component": 1,
        "Green Component": 0.8862745098039215
      },
      "Ansi 15 Color": {
        "Red Component": 0.803921568627451,
        "Color Space": "sRGB",
        "Blue Component": 0.9568627450980393,
        "Alpha Component": 1,
        "Green Component": 0.8392156862745098
      },
      "Background Color": {
        "Red Component": 0.11764705882352941,
        "Color Space": "sRGB",
        "Blue Component": 0.1803921568627451,
        "Alpha Component": 1,
        "Green Component": 0.11764705882352941
      },
      "Foreground Color": {
        "Red Component": 0.803921568627451,
        "Color Space": "sRGB",
        "Blue Component": 0.9568627450980393,
        "Alpha Component": 1,
        "Green Component": 0.8392156862745098
      },
      "Cursor Color": {
        "Red Component": 0.9607843137254902,
        "Color Space": "sRGB",
        "Blue Component": 0.9921568627450981,
        "Alpha Component": 1,
        "Green Component": 0.9411764705882353
      },
      "Cursor Text Color": {
        "Red Component": 0.11764705882352941,
        "Color Space": "sRGB",
        "Blue Component": 0.1803921568627451,
        "Alpha Component": 1,
        "Green Component": 0.11764705882352941
      },
      "Selection Color": {
        "Red Component": 0.34509803921568627,
        "Color Space": "sRGB",
        "Blue Component": 0.4392156862745098,
        "Alpha Component": 1,
        "Green Component": 0.3607843137254902
      },
      "Selected Text Color": {
        "Red Component": 0.803921568627451,
        "Color Space": "sRGB",
        "Blue Component": 0.9568627450980393,
        "Alpha Component": 1,
        "Green Component": 0.8392156862745098
      }
    }
  ]
}
